CO(GT),PT08.S1(CO),C6H6(GT),PT08.S2(NMHC),NOx(GT),PT08.S3(NOx),NO2(GT),PT08.S4(NO2),PT08.S5(O3),T,RH,AH,Year,Month,Day,Hour,DayOfWeek,IsWeekend
1.4182281580628853,1.3244138986599283,2.2511456454910976,1.984992245534247,1.1377669043978558,-1.3209338013176604,-0.3613363318457993,1.8971658008668189,1.1625155437940429,-0.0060731191404198,0.9942159668505536,0.922954036015188,2004,9,20,7,0,0
