,R-squared,Adjusted R-squared,F-statistic,Prob (F-statistic),AIC,BIC,Durbin-Watson,Condition Number
OLS model performance,0.7698506933645746,0.7693662413584257,1589.1165349577384,0.0,9115.228047127986,9217.299676011002,1.9882730840609386,38268766.716881834
