,Metric,Values
0,Mean Squared Error (MSE),0.22400229452299786
1,Root Mean Squared Error (RMSE),0.4732888066741045
2,R-squared (R2),0.7812774597523796
3,Mean Absolute Error (MAE),0.3205728180642995
